templateId_candidate,png,webp,glb,filename_stem_match,activation,WARNING
bir-blouse-trousers-blue,bir-blouse-trousers-blue.png,bir-blouse-trousers-blue.webp,bir-blouse-trousers-blue.glb,True,,Candidate filename mapping only; verify canonical template identity and 3D suitability before activating.
blazer-blouse-blue,blazer-blouse-blue.png,blazer-blouse-blue.webp,blazer-blouse-blue.glb,True,,Candidate filename mapping only; verify canonical template identity and 3D suitability before activating.
blazer-collarless-tan,blazer-collarless-tan.png,blazer-collarless-tan.webp,blazer-collarless-tan.glb,True,,Candidate filename mapping only; verify canonical template identity and 3D suitability before activating.
blazer-double-breasted-gray,blazer-double-breasted-gray.png,blazer-double-breasted-gray.webp,blazer-double-breasted-gray.glb,True,,Candidate filename mapping only; verify canonical template identity and 3D suitability before activating.
blazer-open-front-black,blazer-open-front-black.png,blazer-open-front-black.webp,blazer-open-front-black.glb,True,,Candidate filename mapping only; verify canonical template identity and 3D suitability before activating.
blazer-pinstripe-navy,blazer-pinstripe-navy.png,blazer-pinstripe-navy.webp,blazer-pinstripe-navy.glb,True,,Candidate filename mapping only; verify canonical template identity and 3D suitability before activating.
blazer-pinstripe-royal,blazer-pinstripe-royal.png,blazer-pinstripe-royal.webp,blazer-pinstripe-royal.glb,True,,Candidate filename mapping only; verify canonical template identity and 3D suitability before activating.
blazer-tweed-herringbone,blazer-tweed-herringbone.png,blazer-tweed-herringbone.webp,blazer-tweed-herringbone.glb,True,,Candidate filename mapping only; verify canonical template identity and 3D suitability before activating.
blazer-white-notch,blazer-white-notch.png,blazer-white-notch.webp,blazer-white-notch.glb,True,,Candidate filename mapping only; verify canonical template identity and 3D suitability before activating.
blouse-asymmetric-blue,blouse-asymmetric-blue.png,blouse-asymmetric-blue.webp,blouse-asymmetric-blue.glb,True,,Candidate filename mapping only; verify canonical template identity and 3D suitability before activating.
blouse-mandarin-yellow,blouse-mandarin-yellow.png,blouse-mandarin-yellow.webp,blouse-mandarin-yellow.glb,True,,Candidate filename mapping only; verify canonical template identity and 3D suitability before activating.
blouse-pleated-bib-white,,,blouse-pleated-bib-white.glb,False,,Candidate filename mapping only; verify canonical template identity and 3D suitability before activating.
blouse-roundneck-fuchsia,blouse-roundneck-fuchsia.png,blouse-roundneck-fuchsia.webp,blouse-roundneck-fuchsia.glb,True,,Candidate filename mapping only; verify canonical template identity and 3D suitability before activating.
blouse-roundneck-mustard,blouse-roundneck-mustard.png,blouse-roundneck-mustard.webp,blouse-roundneck-mustard.glb,True,,Candidate filename mapping only; verify canonical template identity and 3D suitability before activating.
blouse-scarf-cream,blouse-scarf-cream.png,blouse-scarf-cream.webp,blouse-scarf-cream.glb,True,,Candidate filename mapping only; verify canonical template identity and 3D suitability before activating.
blouse-tunic-roundneck-blue,blouse-tunic-roundneck-blue.png,blouse-tunic-roundneck-blue.webp,blouse-tunic-roundneck-blue.glb,True,,Candidate filename mapping only; verify canonical template identity and 3D suitability before activating.
business-suit-fullset-women-pinstripe-pants,,,business-suit-fullset-women-pinstripe-pants.glb,False,,Candidate filename mapping only; verify canonical template identity and 3D suitability before activating.
business-suit-fullset-women-pinstripe-skirt,,,business-suit-fullset-women-pinstripe-skirt.glb,False,,Candidate filename mapping only; verify canonical template identity and 3D suitability before activating.
corporate-skirt,corporate-skirt.png,corporate-skirt.webp,corporate-skirt.glb,True,,Candidate filename mapping only; verify canonical template identity and 3D suitability before activating.
dress-bir-green-yellow-collar,dress-bir-green-yellow-collar.png,dress-bir-green-yellow-collar.webp,dress-bir-green-yellow-collar.glb,True,,Candidate filename mapping only; verify canonical template identity and 3D suitability before activating.
dress-butter-belted,dress-butter-belted.png,dress-butter-belted.webp,dress-butter-belted.glb,True,,Candidate filename mapping only; verify canonical template identity and 3D suitability before activating.
dress-sheath-denim-blue,dress-sheath-denim-blue.png,dress-sheath-denim-blue.webp,dress-sheath-denim-blue.glb,True,,Candidate filename mapping only; verify canonical template identity and 3D suitability before activating.
dress-shift-geometric,dress-shift-geometric.png,dress-shift-geometric.webp,dress-shift-geometric.glb,True,,Candidate filename mapping only; verify canonical template identity and 3D suitability before activating.
dress-tunic-maternity-navy,dress-tunic-maternity-navy.png,dress-tunic-maternity-navy.webp,dress-tunic-maternity-navy.glb,True,,Candidate filename mapping only; verify canonical template identity and 3D suitability before activating.
jack-shirt-two-tone,jack-shirt-two-tone.png,jack-shirt-two-tone.webp,jack-shirt-two-tone.glb,True,,Candidate filename mapping only; verify canonical template identity and 3D suitability before activating.
pants,pants.png,pants.webp,pants.glb,True,,Candidate filename mapping only; verify canonical template identity and 3D suitability before activating.
pantsuit-notch-short-gray,pantsuit-notch-short-gray.png,pantsuit-notch-short-gray.webp,pantsuit-notch-short-gray.glb,True,,Candidate filename mapping only; verify canonical template identity and 3D suitability before activating.
peplum-set-navy,peplum-set-navy.png,peplum-set-navy.webp,peplum-set-navy.glb,True,,Candidate filename mapping only; verify canonical template identity and 3D suitability before activating.
polo-barong-brown,polo-barong-brown.png,polo-barong-brown.webp,polo-barong-brown.glb,True,,Candidate filename mapping only; verify canonical template identity and 3D suitability before activating.
polo-red-claremont,polo-red-claremont.png,polo-red-claremont.webp,polo-red-claremont.glb,True,,Candidate filename mapping only; verify canonical template identity and 3D suitability before activating.
school-skirt,school-skirt.png,school-skirt.webp,school-skirt.glb,True,,Candidate filename mapping only; verify canonical template identity and 3D suitability before activating.
scrub-set-housekeeping,,,scrub-set-housekeeping.glb,False,,Candidate filename mapping only; verify canonical template identity and 3D suitability before activating.
scrub-set-men-vneck,,,scrub-set-men-vneck.glb,False,,Candidate filename mapping only; verify canonical template identity and 3D suitability before activating.
scrub-set-women-vneck,,,scrub-set-women-vneck.glb,False,,Candidate filename mapping only; verify canonical template identity and 3D suitability before activating.
shirt-mandarin-polkadot,,,shirt-mandarin-polkadot.glb,False,,Candidate filename mapping only; verify canonical template identity and 3D suitability before activating.
shirt-two-tone-gpc,shirt-two-tone-gpc.png,shirt-two-tone-gpc.webp,shirt-two-tone-gpc.glb,True,,Candidate filename mapping only; verify canonical template identity and 3D suitability before activating.
shirt-utility-beige-long,,,shirt-utility-beige-long.glb,False,,Candidate filename mapping only; verify canonical template identity and 3D suitability before activating.
shorts,shorts.png,shorts.webp,shorts.glb,True,,Candidate filename mapping only; verify canonical template identity and 3D suitability before activating.
women-pinstripe-vest-blouse,,,women-pinstripe-vest-blouse.glb,False,,Candidate filename mapping only; verify canonical template identity and 3D suitability before activating.
